timestamp,archive_url,status,distrito,barrio,precio_medio
"2024-01-02 09:43:25,https://web.archive.org/web/20240102094325/https://www.idealista.com/alquiler-viviendas/sevilla/centro/santa-cruz-alfalfa/,200,centro,santa-cruz-alfalfa,""15,04"""
"2024-05-11 12:36:44,https://web.archive.org/web/20240511123644/https://www.idealista.com/alquiler-viviendas/sevilla/centro/santa-cruz-alfalfa/,200,centro,santa-cruz-alfalfa,""15,20"""
"2024-07-16 19:11:50,https://web.archive.org/web/20240716191150/https://www.idealista.com/alquiler-viviendas/sevilla/centro/santa-cruz-alfalfa/,200,centro,santa-cruz-alfalfa,""15,35"""
"2024-08-23 10:38:18,https://web.archive.org/web/20240823103818/https://www.idealista.com/alquiler-viviendas/sevilla/centro/santa-cruz-alfalfa/,200,centro,santa-cruz-alfalfa,""15,03"""
"2024-09-17 13:25:20,https://web.archive.org/web/20240917132520/https://www.idealista.com/alquiler-viviendas/sevilla/centro/santa-cruz-alfalfa/,200,centro,santa-cruz-alfalfa,""15,31"""
"2024-11-18 08:10:32,https://web.archive.org/web/20241118081032/https://www.idealista.com/alquiler-viviendas/sevilla/centro/santa-cruz-alfalfa/,200,centro,santa-cruz-alfalfa,""17,36"""
"2025-01-24 09:12:28,https://web.archive.org/web/20250124091228/https://www.idealista.com/alquiler-viviendas/sevilla/centro/santa-cruz-alfalfa/,200,centro,santa-cruz-alfalfa,""17,15"""
"2024-04-07 04:18:54,https://web.archive.org/web/20240407041854/https://www.idealista.com/alquiler-viviendas/sevilla/centro/arenal-museo-tetuan/,200,centro,arenal-museo-tetuan,""14,43"""
"2024-05-11 12:05:32,https://web.archive.org/web/20240511120532/https://www.idealista.com/alquiler-viviendas/sevilla/centro/arenal-museo-tetuan/,200,centro,arenal-museo-tetuan,""14,46"""
"2024-07-17 05:19:29,https://web.archive.org/web/20240717051929/https://www.idealista.com/alquiler-viviendas/sevilla/centro/arenal-museo-tetuan/,200,centro,arenal-museo-tetuan,""15,22"""
"2024-08-22 17:38:21,https://web.archive.org/web/20240822173821/https://www.idealista.com/alquiler-viviendas/sevilla/centro/arenal-museo-tetuan/,200,centro,arenal-museo-tetuan,""14,82"""
"2024-09-17 14:06:25,https://web.archive.org/web/20240917140625/https://www.idealista.com/alquiler-viviendas/sevilla/centro/arenal-museo-tetuan/,200,centro,arenal-museo-tetuan,""14,80"""
"2024-11-18 06:17:23,https://web.archive.org/web/20241118061723/https://www.idealista.com/alquiler-viviendas/sevilla/centro/arenal-museo-tetuan/,200,centro,arenal-museo-tetuan,""15,30"""
"2025-01-23 18:50:31,https://web.archive.org/web/20250123185031/https://www.idealista.com/alquiler-viviendas/sevilla/centro/arenal-museo-tetuan/,200,centro,arenal-museo-tetuan,""17,25"""
"2024-04-09 11:16:13,https://web.archive.org/web/20240409111613/https://www.idealista.com/alquiler-viviendas/sevilla/centro/encarnacion-las-setas/,200,centro,encarnacion-las-setas,""15,54"""
"2024-05-11 11:47:15,https://web.archive.org/web/20240511114715/https://www.idealista.com/alquiler-viviendas/sevilla/centro/encarnacion-las-setas/,200,centro,encarnacion-las-setas,""16,57"""
"2024-07-17 01:35:00,https://web.archive.org/web/20240717013500/https://www.idealista.com/alquiler-viviendas/sevilla/centro/encarnacion-las-setas/,200,centro,encarnacion-las-setas,""15,20"""
"2024-05-11 11:43:13,https://web.archive.org/web/20240511114313/https://www.idealista.com/alquiler-viviendas/sevilla/centro/puerta-carmona-puerta-osario-amador-de-los-rios/,200,centro,puerta-carmona-puerta-osario-amador-de-los-rios,""14,38"""
"2024-07-17 05:31:15,https://web.archive.org/web/20240717053115/https://www.idealista.com/alquiler-viviendas/sevilla/centro/puerta-carmona-puerta-osario-amador-de-los-rios/,200,centro,puerta-carmona-puerta-osario-amador-de-los-rios,""14,57"""
"2024-08-22 09:54:30,https://web.archive.org/web/20240822095430/https://www.idealista.com/alquiler-viviendas/sevilla/centro/puerta-carmona-puerta-osario-amador-de-los-rios/,200,centro,puerta-carmona-puerta-osario-amador-de-los-rios,""14,80"""
"2024-09-18 08:52:27,https://web.archive.org/web/20240918085227/https://www.idealista.com/alquiler-viviendas/sevilla/centro/puerta-carmona-puerta-osario-amador-de-los-rios/,200,centro,puerta-carmona-puerta-osario-amador-de-los-rios,""15,90"""
"2025-01-24 11:57:00,https://web.archive.org/web/20250124115700/https://www.idealista.com/alquiler-viviendas/sevilla/centro/puerta-carmona-puerta-osario-amador-de-los-rios/,200,centro,puerta-carmona-puerta-osario-amador-de-los-rios,""15,61"""
"2024-04-09 13:26:51,https://web.archive.org/web/20240409132651/https://www.idealista.com/alquiler-viviendas/sevilla/centro/alameda/,200,centro,alameda,""16,75"""
"2024-05-11 11:47:21,https://web.archive.org/web/20240511114721/https://www.idealista.com/alquiler-viviendas/sevilla/centro/alameda/,200,centro,alameda,""16,02"""
"2024-07-17 00:03:08,https://web.archive.org/web/20240717000308/https://www.idealista.com/alquiler-viviendas/sevilla/centro/alameda/,200,centro,alameda,""16,45"""
"2024-08-22 11:38:40,https://web.archive.org/web/20240822113840/https://www.idealista.com/alquiler-viviendas/sevilla/centro/alameda/,200,centro,alameda,""15,32"""
"2024-09-26 19:24:03,https://web.archive.org/web/20240926192403/https://www.idealista.com/alquiler-viviendas/sevilla/centro/alameda/,200,centro,alameda,""14,53"""
"2024-11-23 00:19:33,https://web.archive.org/web/20241123001933/https://www.idealista.com/alquiler-viviendas/sevilla/centro/alameda/,200,centro,alameda,""15,95"""
"2025-01-23 16:13:41,https://web.archive.org/web/20250123161341/https://www.idealista.com/alquiler-viviendas/sevilla/centro/alameda/,200,centro,alameda,""14,87"""
"2024-04-08 00:07:33,https://web.archive.org/web/20240408000733/https://www.idealista.com/alquiler-viviendas/sevilla/centro/feria/,200,centro,feria,""16,07"""
"2024-05-11 12:16:43,https://web.archive.org/web/20240511121643/https://www.idealista.com/alquiler-viviendas/sevilla/centro/feria/,200,centro,feria,""17,29"""
"2024-07-17 01:45:02,https://web.archive.org/web/20240717014502/https://www.idealista.com/alquiler-viviendas/sevilla/centro/feria/,200,centro,feria,""14,57"""
"2024-08-25 08:44:17,https://web.archive.org/web/20240825084417/https://www.idealista.com/alquiler-viviendas/sevilla/centro/feria/,200,centro,feria,""15,17"""
"2024-09-19 17:31:01,https://web.archive.org/web/20240919173101/https://www.idealista.com/alquiler-viviendas/sevilla/centro/feria/,200,centro,feria,""15,64"""
"2024-04-07 08:43:45,https://web.archive.org/web/20240407084345/https://www.idealista.com/alquiler-viviendas/sevilla/centro/plaza-de-la-gavidia-san-lorenzo/,200,centro,plaza-de-la-gavidia-san-lorenzo,""15,57"""
"2024-05-11 11:42:29,https://web.archive.org/web/20240511114229/https://www.idealista.com/alquiler-viviendas/sevilla/centro/plaza-de-la-gavidia-san-lorenzo/,200,centro,plaza-de-la-gavidia-san-lorenzo,""13,54"""
"2024-07-17 01:39:33,https://web.archive.org/web/20240717013933/https://www.idealista.com/alquiler-viviendas/sevilla/centro/plaza-de-la-gavidia-san-lorenzo/,200,centro,plaza-de-la-gavidia-san-lorenzo,""14,22"""
"2024-09-01 08:46:58,https://web.archive.org/web/20240901084658/https://www.idealista.com/alquiler-viviendas/sevilla/centro/plaza-de-la-gavidia-san-lorenzo/,200,centro,plaza-de-la-gavidia-san-lorenzo,""14,45"""
"2024-09-17 15:37:40,https://web.archive.org/web/20240917153740/https://www.idealista.com/alquiler-viviendas/sevilla/centro/plaza-de-la-gavidia-san-lorenzo/,200,centro,plaza-de-la-gavidia-san-lorenzo,""15,81"""
"2024-11-12 22:51:45,https://web.archive.org/web/20241112225145/https://www.idealista.com/alquiler-viviendas/sevilla/centro/plaza-de-la-gavidia-san-lorenzo/,200,centro,plaza-de-la-gavidia-san-lorenzo,""16,36"""
"2024-11-19 05:33:12,https://web.archive.org/web/20241119053312/https://www.idealista.com/alquiler-viviendas/sevilla/centro/plaza-de-la-gavidia-san-lorenzo/,200,centro,plaza-de-la-gavidia-san-lorenzo,""16,78"""
"2025-01-24 22:08:41,https://web.archive.org/web/20250124220841/https://www.idealista.com/alquiler-viviendas/sevilla/centro/plaza-de-la-gavidia-san-lorenzo/,200,centro,plaza-de-la-gavidia-san-lorenzo,""14,45"""
"2024-05-11 11:49:22,https://web.archive.org/web/20240511114922/https://www.idealista.com/alquiler-viviendas/sevilla/centro/san-vicente/,200,centro,san-vicente,""14,13"""
"2024-07-17 15:08:08,https://web.archive.org/web/20240717150808/https://www.idealista.com/alquiler-viviendas/sevilla/centro/san-vicente/,200,centro,san-vicente,""14,59"""
"2024-08-23 13:30:17,https://web.archive.org/web/20240823133017/https://www.idealista.com/alquiler-viviendas/sevilla/centro/san-vicente/,200,centro,san-vicente,""14,48"""
"2024-09-17 10:56:43,https://web.archive.org/web/20240917105643/https://www.idealista.com/alquiler-viviendas/sevilla/centro/san-vicente/,200,centro,san-vicente,""14,61"""
"2024-04-09 06:50:32,https://web.archive.org/web/20240409065032/https://www.idealista.com/alquiler-viviendas/sevilla/centro/san-julian/,200,centro,san-julian,""14,63"""
"2024-07-16 23:49:17,https://web.archive.org/web/20240716234917/https://www.idealista.com/alquiler-viviendas/sevilla/centro/san-julian/,200,centro,san-julian,""13,43"""
"2024-08-23 13:30:19,https://web.archive.org/web/20240823133019/https://www.idealista.com/alquiler-viviendas/sevilla/centro/san-julian/,200,centro,san-julian,""13,46"""
"2024-09-17 18:48:22,https://web.archive.org/web/20240917184822/https://www.idealista.com/alquiler-viviendas/sevilla/centro/san-julian/,200,centro,san-julian,""14,08"""
"2024-11-25 14:18:39,https://web.archive.org/web/20241125141839/https://www.idealista.com/alquiler-viviendas/sevilla/centro/san-julian/,200,centro,san-julian,""15,77"""
"2024-05-16 12:15:16,https://web.archive.org/web/20240516121516/https://www.idealista.com/alquiler-viviendas/sevilla/bellavista-jardines-de-hercules/bellavista/,200,bellavista-jardines-de-hercules,bellavista,""9,44"""
"2024-07-17 00:45:29,https://web.archive.org/web/20240717004529/https://www.idealista.com/alquiler-viviendas/sevilla/bellavista-jardines-de-hercules/bellavista/,200,bellavista-jardines-de-hercules,bellavista,""9,50"""
"2024-08-28 09:40:22,https://web.archive.org/web/20240828094022/https://www.idealista.com/alquiler-viviendas/sevilla/bellavista-jardines-de-hercules/bellavista/,200,bellavista-jardines-de-hercules,bellavista,""10,18"""
"2024-09-21 08:12:26,https://web.archive.org/web/20240921081226/https://www.idealista.com/alquiler-viviendas/sevilla/bellavista-jardines-de-hercules/bellavista/,200,bellavista-jardines-de-hercules,bellavista,""10,86"""
"2025-01-23 18:53:12,https://web.archive.org/web/20250123185312/https://www.idealista.com/alquiler-viviendas/sevilla/bellavista-jardines-de-hercules/bellavista/,200,bellavista-jardines-de-hercules,bellavista,""10,19"""
"2024-04-08 20:20:52,https://web.archive.org/web/20240408202052/https://www.idealista.com/alquiler-viviendas/sevilla/cerro-amate/cerro-del-aguila/,200,cerro-amate,cerro-del-aguila,""11,40"""
"2024-05-15 10:16:37,https://web.archive.org/web/20240515101637/https://www.idealista.com/alquiler-viviendas/sevilla/cerro-amate/cerro-del-aguila/,200,cerro-amate,cerro-del-aguila,""10,89"""
"2024-07-17 05:40:33,https://web.archive.org/web/20240717054033/https://www.idealista.com/alquiler-viviendas/sevilla/cerro-amate/cerro-del-aguila/,200,cerro-amate,cerro-del-aguila,""11,07"""
"2024-08-23 12:06:11,https://web.archive.org/web/20240823120611/https://www.idealista.com/alquiler-viviendas/sevilla/cerro-amate/cerro-del-aguila/,200,cerro-amate,cerro-del-aguila,""11,02"""
"2024-09-17 15:25:11,https://web.archive.org/web/20240917152511/https://www.idealista.com/alquiler-viviendas/sevilla/cerro-amate/cerro-del-aguila/,200,cerro-amate,cerro-del-aguila,""11,04"""
"2024-11-17 08:05:58,https://web.archive.org/web/20241117080558/https://www.idealista.com/alquiler-viviendas/sevilla/cerro-amate/cerro-del-aguila/,200,cerro-amate,cerro-del-aguila,""10,71"""
"2025-01-23 18:50:26,https://web.archive.org/web/20250123185026/https://www.idealista.com/alquiler-viviendas/sevilla/cerro-amate/cerro-del-aguila/,200,cerro-amate,cerro-del-aguila,""10,49"""
"2024-04-22 04:10:20,https://web.archive.org/web/20240422041020/https://www.idealista.com/alquiler-viviendas/sevilla/sevilla-este/avenida-de-las-ciencias/,200,sevilla-este,avenida-de-las-ciencias,""10,11"""
"2024-05-16 19:06:38,https://web.archive.org/web/20240516190638/https://www.idealista.com/alquiler-viviendas/sevilla/sevilla-este/avenida-de-las-ciencias/,200,sevilla-este,avenida-de-las-ciencias,""10,01"""
"2024-07-17 03:18:25,https://web.archive.org/web/20240717031825/https://www.idealista.com/alquiler-viviendas/sevilla/sevilla-este/avenida-de-las-ciencias/,200,sevilla-este,avenida-de-las-ciencias,""10,23"""
"2024-08-29 16:15:51,https://web.archive.org/web/20240829161551/https://www.idealista.com/alquiler-viviendas/sevilla/sevilla-este/avenida-de-las-ciencias/,200,sevilla-este,avenida-de-las-ciencias,""12,50"""
"2024-09-17 18:20:28,https://web.archive.org/web/20240917182028/https://www.idealista.com/alquiler-viviendas/sevilla/sevilla-este/avenida-de-las-ciencias/,200,sevilla-este,avenida-de-las-ciencias,""12,19"""
"2024-05-11 14:16:59,https://web.archive.org/web/20240511141659/https://www.idealista.com/alquiler-viviendas/sevilla/los-remedios/asuncion-adolfo-suarez/,200,los-remedios,asuncion-adolfo-suarez,""15,24"""
"2024-07-17 05:47:03,https://web.archive.org/web/20240717054703/https://www.idealista.com/alquiler-viviendas/sevilla/los-remedios/asuncion-adolfo-suarez/,200,los-remedios,asuncion-adolfo-suarez,""14,81"""
"2024-08-27 15:53:10,https://web.archive.org/web/20240827155310/https://www.idealista.com/alquiler-viviendas/sevilla/los-remedios/asuncion-adolfo-suarez/,200,los-remedios,asuncion-adolfo-suarez,""14,98"""
"2024-09-17 09:39:49,https://web.archive.org/web/20240917093949/https://www.idealista.com/alquiler-viviendas/sevilla/los-remedios/asuncion-adolfo-suarez/,200,los-remedios,asuncion-adolfo-suarez,""13,75"""
"2024-11-23 05:12:57,https://web.archive.org/web/20241123051257/https://www.idealista.com/alquiler-viviendas/sevilla/los-remedios/asuncion-adolfo-suarez/,200,los-remedios,asuncion-adolfo-suarez,""15,15"""
"2024-12-13 05:15:00,https://web.archive.org/web/20241213051500/https://www.idealista.com/alquiler-viviendas/sevilla/los-remedios/asuncion-adolfo-suarez/,200,los-remedios,asuncion-adolfo-suarez,""14,86"""
"2025-01-23 18:46:25,https://web.archive.org/web/20250123184625/https://www.idealista.com/alquiler-viviendas/sevilla/los-remedios/asuncion-adolfo-suarez/,200,los-remedios,asuncion-adolfo-suarez,""14,96"""
"2020-11-04 18:59:59,https://web.archive.org/web/20201104185959/https://www.idealista.com/alquiler-viviendas/sevilla/centro/puerta-de-la-carne-juderia/,200,centro,puerta-de-la-carne-juderia,""11,22"""
"2024-07-16 20:45:22,https://web.archive.org/web/20240716204522/https://www.idealista.com/alquiler-viviendas/sevilla/centro/puerta-de-la-carne-juderia/,200,centro,puerta-de-la-carne-juderia,""13,99"""
"2024-09-13 17:07:08,https://web.archive.org/web/20240913170708/https://www.idealista.com/alquiler-viviendas/sevilla/centro/puerta-de-la-carne-juderia/,200,centro,puerta-de-la-carne-juderia,""14,11"""
"2024-09-19 08:59:38,https://web.archive.org/web/20240919085938/https://www.idealista.com/alquiler-viviendas/sevilla/centro/puerta-de-la-carne-juderia/,200,centro,puerta-de-la-carne-juderia,""13,42"""
"2024-12-30 10:38:47,https://web.archive.org/web/20241230103847/https://www.idealista.com/alquiler-viviendas/sevilla/centro/puerta-de-la-carne-juderia/,200,centro,puerta-de-la-carne-juderia,""13,16"""
"2024-05-11 11:44:42,https://web.archive.org/web/20240511114442/https://www.idealista.com/alquiler-viviendas/sevilla/sevilla-este/alcalde-l-urunuela-palacio-de-congresos/,200,sevilla-este,alcalde-l-urunuela-palacio-de-congresos,""12,80"""
"2024-07-17 05:43:14,https://web.archive.org/web/20240717054314/https://www.idealista.com/alquiler-viviendas/sevilla/sevilla-este/alcalde-l-urunuela-palacio-de-congresos/,200,sevilla-este,alcalde-l-urunuela-palacio-de-congresos,""13,18"""
"2024-08-28 12:38:22,https://web.archive.org/web/20240828123822/https://www.idealista.com/alquiler-viviendas/sevilla/sevilla-este/alcalde-l-urunuela-palacio-de-congresos/,200,sevilla-este,alcalde-l-urunuela-palacio-de-congresos,""11,79"""
"2024-09-18 10:13:10,https://web.archive.org/web/20240918101310/https://www.idealista.com/alquiler-viviendas/sevilla/sevilla-este/alcalde-l-urunuela-palacio-de-congresos/,200,sevilla-este,alcalde-l-urunuela-palacio-de-congresos,""12,44"""
"2024-12-18 13:46:51,https://web.archive.org/web/20241218134651/https://www.idealista.com/alquiler-viviendas/sevilla/sevilla-este/alcalde-l-urunuela-palacio-de-congresos/,200,sevilla-este,alcalde-l-urunuela-palacio-de-congresos,""13,55"""
"2024-04-08 21:17:45,https://web.archive.org/web/20240408211745/https://www.idealista.com/alquiler-viviendas/sevilla/sevilla-este/emilio-lemos/,200,sevilla-este,emilio-lemos,""9,76"""
"2024-04-25 11:30:16,https://web.archive.org/web/20240425113016/https://www.idealista.com/alquiler-viviendas/sevilla/sevilla-este/emilio-lemos/,200,sevilla-este,emilio-lemos,""9,95"""
"2024-05-11 12:15:47,https://web.archive.org/web/20240511121547/https://www.idealista.com/alquiler-viviendas/sevilla/sevilla-este/emilio-lemos/,200,sevilla-este,emilio-lemos,""10,09"""
"2024-07-16 19:48:17,https://web.archive.org/web/20240716194817/https://www.idealista.com/alquiler-viviendas/sevilla/sevilla-este/emilio-lemos/,200,sevilla-este,emilio-lemos,""10,90"""
"2024-10-02 12:31:38,https://web.archive.org/web/20241002123138/https://www.idealista.com/alquiler-viviendas/sevilla/sevilla-este/emilio-lemos/,200,sevilla-este,emilio-lemos,""10,08"""
"2024-04-06 15:12:44,https://web.archive.org/web/20240406151244/https://www.idealista.com/alquiler-viviendas/sevilla/los-remedios/ramon-de-carranza-madre-rafols/,200,los-remedios,ramon-de-carranza-madre-rafols,""11,15"""
"2024-05-14 23:41:26,https://web.archive.org/web/20240514234126/https://www.idealista.com/alquiler-viviendas/sevilla/los-remedios/ramon-de-carranza-madre-rafols/,200,los-remedios,ramon-de-carranza-madre-rafols,""11,94"""
"2024-07-17 05:38:25,https://web.archive.org/web/20240717053825/https://www.idealista.com/alquiler-viviendas/sevilla/los-remedios/ramon-de-carranza-madre-rafols/,200,los-remedios,ramon-de-carranza-madre-rafols,""12,78"""
"2024-08-30 09:58:04,https://web.archive.org/web/20240830095804/https://www.idealista.com/alquiler-viviendas/sevilla/los-remedios/ramon-de-carranza-madre-rafols/,200,los-remedios,ramon-de-carranza-madre-rafols,""12,89"""
"2024-09-18 18:25:17,https://web.archive.org/web/20240918182517/https://www.idealista.com/alquiler-viviendas/sevilla/los-remedios/ramon-de-carranza-madre-rafols/,200,los-remedios,ramon-de-carranza-madre-rafols,""12,42"""
"2024-08-28 17:07:39,https://web.archive.org/web/20240828170739/https://www.idealista.com/alquiler-viviendas/sevilla/los-remedios/tablada/,200,los-remedios,tablada,""10,97"""
"2024-09-26 14:30:29,https://web.archive.org/web/20240926143029/https://www.idealista.com/alquiler-viviendas/sevilla/los-remedios/tablada/,200,los-remedios,tablada,""9,56"""
"2024-11-23 03:41:02,https://web.archive.org/web/20241123034102/https://www.idealista.com/alquiler-viviendas/sevilla/los-remedios/tablada/,200,los-remedios,tablada,""9,96"""
"2024-12-23 09:45:54,https://web.archive.org/web/20241223094554/https://www.idealista.com/alquiler-viviendas/sevilla/los-remedios/tablada/,200,los-remedios,tablada,""10,28"""
"2024-05-15 08:33:30,https://web.archive.org/web/20240515083330/https://www.idealista.com/alquiler-viviendas/sevilla/los-remedios/blas-infante/,200,los-remedios,blas-infante,""10,88"""
"2024-10-02 14:13:04,https://web.archive.org/web/20241002141304/https://www.idealista.com/alquiler-viviendas/sevilla/los-remedios/blas-infante/,200,los-remedios,blas-infante,""14,43"""
"2024-12-31 11:44:41,https://web.archive.org/web/20241231114441/https://www.idealista.com/alquiler-viviendas/sevilla/los-remedios/blas-infante/,200,los-remedios,blas-infante,""10,66"""
"2024-04-09 11:53:31,https://web.archive.org/web/20240409115331/https://www.idealista.com/alquiler-viviendas/sevilla/macarena/doctor-fedriani/,200,macarena,doctor-fedriani,""11,23"""
"2024-05-11 14:50:30,https://web.archive.org/web/20240511145030/https://www.idealista.com/alquiler-viviendas/sevilla/macarena/doctor-fedriani/,200,macarena,doctor-fedriani,""11,32"""
"2024-07-17 05:11:27,https://web.archive.org/web/20240717051127/https://www.idealista.com/alquiler-viviendas/sevilla/macarena/doctor-fedriani/,200,macarena,doctor-fedriani,""11,29"""
"2024-08-22 09:24:35,https://web.archive.org/web/20240822092435/https://www.idealista.com/alquiler-viviendas/sevilla/macarena/doctor-fedriani/,200,macarena,doctor-fedriani,""11,45"""
"2025-01-24 10:54:14,https://web.archive.org/web/20250124105414/https://www.idealista.com/alquiler-viviendas/sevilla/macarena/doctor-fedriani/,200,macarena,doctor-fedriani,""11,96"""
"2024-04-06 13:41:37,https://web.archive.org/web/20240406134137/https://www.idealista.com/alquiler-viviendas/sevilla/macarena/parlamento-torneo/,200,macarena,parlamento-torneo,""12,98"""
"2024-05-11 12:40:06,https://web.archive.org/web/20240511124006/https://www.idealista.com/alquiler-viviendas/sevilla/macarena/parlamento-torneo/,200,macarena,parlamento-torneo,""12,79"""
"2024-07-17 04:42:42,https://web.archive.org/web/20240717044242/https://www.idealista.com/alquiler-viviendas/sevilla/macarena/parlamento-torneo/,200,macarena,parlamento-torneo,""11,98"""
"2024-08-28 19:06:45,https://web.archive.org/web/20240828190645/https://www.idealista.com/alquiler-viviendas/sevilla/macarena/parlamento-torneo/,200,macarena,parlamento-torneo,""12,67"""
"2024-11-19 22:50:25,https://web.archive.org/web/20241119225025/https://www.idealista.com/alquiler-viviendas/sevilla/macarena/parlamento-torneo/,200,macarena,parlamento-torneo,""11,75"""
"2025-01-24 12:20:22,https://web.archive.org/web/20250124122022/https://www.idealista.com/alquiler-viviendas/sevilla/macarena/parlamento-torneo/,200,macarena,parlamento-torneo,""12,39"""
"2024-04-06 20:05:32,https://web.archive.org/web/20240406200532/https://www.idealista.com/alquiler-viviendas/sevilla/macarena/pio-xii/,200,macarena,pio-xii,""10,47"""
"2024-05-14 23:43:45,https://web.archive.org/web/20240514234345/https://www.idealista.com/alquiler-viviendas/sevilla/macarena/pio-xii/,200,macarena,pio-xii,""12,52"""
"2024-07-17 10:53:11,https://web.archive.org/web/20240717105311/https://www.idealista.com/alquiler-viviendas/sevilla/macarena/pio-xii/,200,macarena,pio-xii,""10,62"""
"2024-08-26 20:25:30,https://web.archive.org/web/20240826202530/https://www.idealista.com/alquiler-viviendas/sevilla/macarena/pio-xii/,200,macarena,pio-xii,""9,72"""
"2024-09-19 11:59:32,https://web.archive.org/web/20240919115932/https://www.idealista.com/alquiler-viviendas/sevilla/macarena/pio-xii/,200,macarena,pio-xii,""10,54"""
"2024-11-23 09:55:11,https://web.archive.org/web/20241123095511/https://www.idealista.com/alquiler-viviendas/sevilla/macarena/pio-xii/,200,macarena,pio-xii,""10,60"""
"2024-04-08 18:06:33,https://web.archive.org/web/20240408180633/https://www.idealista.com/alquiler-viviendas/sevilla/macarena/los-carteros-san-diego/,200,macarena,los-carteros-san-diego,""10,17"""
"2024-07-17 04:39:00,https://web.archive.org/web/20240717043900/https://www.idealista.com/alquiler-viviendas/sevilla/macarena/los-carteros-san-diego/,200,macarena,los-carteros-san-diego,""7,32"""
"2024-09-17 14:14:46,https://web.archive.org/web/20240917141446/https://www.idealista.com/alquiler-viviendas/sevilla/macarena/los-carteros-san-diego/,200,macarena,los-carteros-san-diego,""8,97"""
"2024-12-08 11:14:15,https://web.archive.org/web/20241208111415/https://www.idealista.com/alquiler-viviendas/sevilla/macarena/los-carteros-san-diego/,200,macarena,los-carteros-san-diego,""7,27"""
"2024-05-11 12:18:04,https://web.archive.org/web/20240511121804/https://www.idealista.com/alquiler-viviendas/sevilla/san-jeronimo/san-jeronimo/,200,san-jeronimo,san-jeronimo,""8,84"""
"2024-07-17 15:55:55,https://web.archive.org/web/20240717155555/https://www.idealista.com/alquiler-viviendas/sevilla/san-jeronimo/san-jeronimo/,200,san-jeronimo,san-jeronimo,""10,86"""
"2024-08-28 09:21:19,https://web.archive.org/web/20240828092119/https://www.idealista.com/alquiler-viviendas/sevilla/san-jeronimo/san-jeronimo/,200,san-jeronimo,san-jeronimo,""9,19"""
"2024-10-04 11:50:05,https://web.archive.org/web/20241004115005/https://www.idealista.com/alquiler-viviendas/sevilla/san-jeronimo/san-jeronimo/,200,san-jeronimo,san-jeronimo,""9,80"""
"2025-01-14 15:21:26,https://web.archive.org/web/20250114152126/https://www.idealista.com/alquiler-viviendas/sevilla/san-jeronimo/san-jeronimo/,200,san-jeronimo,san-jeronimo,""10,25"""
"2024-05-15 00:04:13,https://web.archive.org/web/20240515000413/https://www.idealista.com/alquiler-viviendas/sevilla/la-palmera-los-bermejales/bami-pineda/,200,la-palmera-los-bermejales,bami-pineda,""10,99"""
"2024-07-17 05:32:11,https://web.archive.org/web/20240717053211/https://www.idealista.com/alquiler-viviendas/sevilla/la-palmera-los-bermejales/bami-pineda/,200,la-palmera-los-bermejales,bami-pineda,""11,62"""
"2024-08-22 10:25:49,https://web.archive.org/web/20240822102549/https://www.idealista.com/alquiler-viviendas/sevilla/la-palmera-los-bermejales/bami-pineda/,200,la-palmera-los-bermejales,bami-pineda,""11,60"""
"2024-09-17 10:27:39,https://web.archive.org/web/20240917102739/https://www.idealista.com/alquiler-viviendas/sevilla/la-palmera-los-bermejales/bami-pineda/,200,la-palmera-los-bermejales,bami-pineda,""11,41"""
"2024-12-16 22:22:32,https://web.archive.org/web/20241216222232/https://www.idealista.com/alquiler-viviendas/sevilla/la-palmera-los-bermejales/bami-pineda/,200,la-palmera-los-bermejales,bami-pineda,""12,50"""
"2025-01-23 18:46:54,https://web.archive.org/web/20250123184654/https://www.idealista.com/alquiler-viviendas/sevilla/la-palmera-los-bermejales/bami-pineda/,200,la-palmera-los-bermejales,bami-pineda,""11,64"""
"2024-02-24 23:13:03,https://web.archive.org/web/20240224231303/https://www.idealista.com/alquiler-viviendas/sevilla/la-palmera-los-bermejales/palmas-altas/,200,la-palmera-los-bermejales,palmas-altas,""8,11"""
"2024-03-19 18:16:44,https://web.archive.org/web/20240319181644/https://www.idealista.com/alquiler-viviendas/sevilla/la-palmera-los-bermejales/reina-mercedes-heliopolis/,200,la-palmera-los-bermejales,reina-mercedes-heliopolis,""11,31"""
"2024-07-17 04:37:39,https://web.archive.org/web/20240717043739/https://www.idealista.com/alquiler-viviendas/sevilla/la-palmera-los-bermejales/reina-mercedes-heliopolis/,200,la-palmera-los-bermejales,reina-mercedes-heliopolis,""12,54"""
"2024-08-23 08:37:36,https://web.archive.org/web/20240823083736/https://www.idealista.com/alquiler-viviendas/sevilla/la-palmera-los-bermejales/reina-mercedes-heliopolis/,200,la-palmera-los-bermejales,reina-mercedes-heliopolis,""12,22"""
"2024-09-17 18:21:06,https://web.archive.org/web/20240917182106/https://www.idealista.com/alquiler-viviendas/sevilla/la-palmera-los-bermejales/reina-mercedes-heliopolis/,200,la-palmera-los-bermejales,reina-mercedes-heliopolis,""11,82"""
"2024-04-07 05:19:59,https://web.archive.org/web/20240407051959/https://www.idealista.com/alquiler-viviendas/sevilla/la-palmera-los-bermejales/la-palmera-manuel-siurot/,200,la-palmera-los-bermejales,la-palmera-manuel-siurot,""12,20"""
"2024-05-11 13:00:54,https://web.archive.org/web/20240511130054/https://www.idealista.com/alquiler-viviendas/sevilla/la-palmera-los-bermejales/la-palmera-manuel-siurot/,200,la-palmera-los-bermejales,la-palmera-manuel-siurot,""12,49"""
"2024-07-17 05:49:31,https://web.archive.org/web/20240717054931/https://www.idealista.com/alquiler-viviendas/sevilla/la-palmera-los-bermejales/la-palmera-manuel-siurot/,200,la-palmera-los-bermejales,la-palmera-manuel-siurot,""13,14"""
"2024-08-26 11:45:19,https://web.archive.org/web/20240826114519/https://www.idealista.com/alquiler-viviendas/sevilla/la-palmera-los-bermejales/la-palmera-manuel-siurot/,200,la-palmera-los-bermejales,la-palmera-manuel-siurot,""13,12"""
"2024-09-26 23:47:52,https://web.archive.org/web/20240926234752/https://www.idealista.com/alquiler-viviendas/sevilla/la-palmera-los-bermejales/la-palmera-manuel-siurot/,200,la-palmera-los-bermejales,la-palmera-manuel-siurot,""13,09"""
"2024-11-19 13:03:22,https://web.archive.org/web/20241119130322/https://www.idealista.com/alquiler-viviendas/sevilla/la-palmera-los-bermejales/la-palmera-manuel-siurot/,200,la-palmera-los-bermejales,la-palmera-manuel-siurot,""12,61"""
"2024-12-26 12:30:46,https://web.archive.org/web/20241226123046/https://www.idealista.com/alquiler-viviendas/sevilla/la-palmera-los-bermejales/la-palmera-manuel-siurot/,200,la-palmera-los-bermejales,la-palmera-manuel-siurot,""13,17"""
"2025-01-26 10:46:25,https://web.archive.org/web/20250126104625/https://www.idealista.com/alquiler-viviendas/sevilla/la-palmera-los-bermejales/la-palmera-manuel-siurot/,200,la-palmera-los-bermejales,la-palmera-manuel-siurot,""13,27"""
"2024-05-15 09:29:47,https://web.archive.org/web/20240515092947/https://www.idealista.com/alquiler-viviendas/sevilla/triana/calle-betis-pages-del-corro/,200,triana,calle-betis-pages-del-corro,""15,38"""
"2024-07-17 05:36:32,https://web.archive.org/web/20240717053632/https://www.idealista.com/alquiler-viviendas/sevilla/triana/calle-betis-pages-del-corro/,200,triana,calle-betis-pages-del-corro,""15,16"""
"2024-08-25 12:13:44,https://web.archive.org/web/20240825121344/https://www.idealista.com/alquiler-viviendas/sevilla/triana/calle-betis-pages-del-corro/,200,triana,calle-betis-pages-del-corro,""15,21"""
"2024-09-17 12:34:47,https://web.archive.org/web/20240917123447/https://www.idealista.com/alquiler-viviendas/sevilla/triana/calle-betis-pages-del-corro/,200,triana,calle-betis-pages-del-corro,""15,55"""
"2024-11-25 06:38:12,https://web.archive.org/web/20241125063812/https://www.idealista.com/alquiler-viviendas/sevilla/triana/calle-betis-pages-del-corro/,200,triana,calle-betis-pages-del-corro,""16,11"""
"2024-04-09 05:02:36,https://web.archive.org/web/20240409050236/https://www.idealista.com/alquiler-viviendas/sevilla/triana/ronda-de-triana-patrocinio-turrunuelo/,200,triana,ronda-de-triana-patrocinio-turrunuelo,""13,00"""
"2024-07-17 05:39:23,https://web.archive.org/web/20240717053923/https://www.idealista.com/alquiler-viviendas/sevilla/triana/ronda-de-triana-patrocinio-turrunuelo/,200,triana,ronda-de-triana-patrocinio-turrunuelo,""12,65"""
"2024-08-22 11:13:34,https://web.archive.org/web/20240822111334/https://www.idealista.com/alquiler-viviendas/sevilla/triana/ronda-de-triana-patrocinio-turrunuelo/,200,triana,ronda-de-triana-patrocinio-turrunuelo,""12,85"""
"2024-05-15 13:14:51,https://web.archive.org/web/20240515131451/https://www.idealista.com/alquiler-viviendas/sevilla/triana/lopez-de-gomara/,200,triana,lopez-de-gomara,""13,95"""
"2024-07-17 04:13:07,https://web.archive.org/web/20240717041307/https://www.idealista.com/alquiler-viviendas/sevilla/triana/lopez-de-gomara/,200,triana,lopez-de-gomara,""13,03"""
"2024-08-23 15:28:00,https://web.archive.org/web/20240823152800/https://www.idealista.com/alquiler-viviendas/sevilla/triana/lopez-de-gomara/,200,triana,lopez-de-gomara,""12,61"""
"2024-09-15 22:30:01,https://web.archive.org/web/20240915223001/https://www.idealista.com/alquiler-viviendas/sevilla/triana/lopez-de-gomara/,200,triana,lopez-de-gomara,""12,62"""
"2025-01-24 11:27:20,https://web.archive.org/web/20250124112720/https://www.idealista.com/alquiler-viviendas/sevilla/triana/lopez-de-gomara/,200,triana,lopez-de-gomara,""15,24"""
"2024-04-09 07:30:10,https://web.archive.org/web/20240409073010/https://www.idealista.com/alquiler-viviendas/sevilla/triana/el-tardon/,200,triana,el-tardon,""14,67"""
"2024-05-16 08:22:09,https://web.archive.org/web/20240516082209/https://www.idealista.com/alquiler-viviendas/sevilla/triana/el-tardon/,200,triana,el-tardon,""14,26"""
"2024-07-17 14:34:36,https://web.archive.org/web/20240717143436/https://www.idealista.com/alquiler-viviendas/sevilla/triana/el-tardon/,200,triana,el-tardon,""13,45"""
"2024-08-26 07:51:35,https://web.archive.org/web/20240826075135/https://www.idealista.com/alquiler-viviendas/sevilla/triana/el-tardon/,200,triana,el-tardon,""13,08"""
"2024-09-17 16:14:36,https://web.archive.org/web/20240917161436/https://www.idealista.com/alquiler-viviendas/sevilla/triana/el-tardon/,200,triana,el-tardon,""14,02"""
"2024-12-19 20:25:58,https://web.archive.org/web/20241219202558/https://www.idealista.com/alquiler-viviendas/sevilla/triana/el-tardon/,200,triana,el-tardon,""13,66"""
"2024-08-23 15:14:16,https://web.archive.org/web/20240823151416/https://www.idealista.com/alquiler-viviendas/sevilla/triana/barrio-leon/,200,triana,barrio-leon,""13,99"""
"2024-09-23 10:18:11,https://web.archive.org/web/20240923101811/https://www.idealista.com/alquiler-viviendas/sevilla/triana/barrio-leon/,200,triana,barrio-leon,""13,38"""
"2024-11-17 05:46:10,https://web.archive.org/web/20241117054610/https://www.idealista.com/alquiler-viviendas/sevilla/triana/barrio-leon/,200,triana,barrio-leon,""14,69"""
"2024-12-24 06:57:53,https://web.archive.org/web/20241224065753/https://www.idealista.com/alquiler-viviendas/sevilla/triana/barrio-leon/,200,triana,barrio-leon,""14,71"""
"2025-01-17 22:55:37,https://web.archive.org/web/20250117225537/https://www.idealista.com/alquiler-viviendas/sevilla/triana/isla-de-la-cartuja/,200,triana,isla-de-la-cartuja,""56,25"""
"2024-04-08 18:06:44,https://web.archive.org/web/20240408180644/https://www.idealista.com/alquiler-viviendas/sevilla/parque-alcosa/parque-alcosa/,200,parque-alcosa,parque-alcosa,""8,51"""
"2024-05-16 17:06:32,https://web.archive.org/web/20240516170632/https://www.idealista.com/alquiler-viviendas/sevilla/parque-alcosa/parque-alcosa/,200,parque-alcosa,parque-alcosa,""7,63"""
"2024-07-17 01:23:47,https://web.archive.org/web/20240717012347/https://www.idealista.com/alquiler-viviendas/sevilla/parque-alcosa/parque-alcosa/,200,parque-alcosa,parque-alcosa,""9,26"""
"2024-08-23 21:04:18,https://web.archive.org/web/20240823210418/https://www.idealista.com/alquiler-viviendas/sevilla/parque-alcosa/parque-alcosa/,200,parque-alcosa,parque-alcosa,""8,70"""
"2024-09-30 19:48:44,https://web.archive.org/web/20240930194844/https://www.idealista.com/alquiler-viviendas/sevilla/parque-alcosa/parque-alcosa/,200,parque-alcosa,parque-alcosa,""8,60"""
"2024-12-20 20:15:53,https://web.archive.org/web/20241220201553/https://www.idealista.com/alquiler-viviendas/sevilla/parque-alcosa/parque-alcosa/,200,parque-alcosa,parque-alcosa,""9,00"""
"2024-04-09 07:21:21,https://web.archive.org/web/20240409072121/https://www.idealista.com/alquiler-viviendas/sevilla/los-remedios/plaza-de-cuba-republica-argentina/,200,los-remedios,plaza-de-cuba-republica-argentina,""13,54"""
"2024-05-16 14:15:42,https://web.archive.org/web/20240516141542/https://www.idealista.com/alquiler-viviendas/sevilla/los-remedios/plaza-de-cuba-republica-argentina/,200,los-remedios,plaza-de-cuba-republica-argentina,""13,47"""
"2024-07-16 23:44:14,https://web.archive.org/web/20240716234414/https://www.idealista.com/alquiler-viviendas/sevilla/los-remedios/plaza-de-cuba-republica-argentina/,200,los-remedios,plaza-de-cuba-republica-argentina,""16,03"""
"2024-08-27 09:52:58,https://web.archive.org/web/20240827095258/https://www.idealista.com/alquiler-viviendas/sevilla/los-remedios/plaza-de-cuba-republica-argentina/,200,los-remedios,plaza-de-cuba-republica-argentina,""13,61"""
"2024-09-26 14:38:28,https://web.archive.org/web/20240926143828/https://www.idealista.com/alquiler-viviendas/sevilla/los-remedios/plaza-de-cuba-republica-argentina/,200,los-remedios,plaza-de-cuba-republica-argentina,""13,76"""
"2024-04-09 02:14:12,https://web.archive.org/web/20240409021412/https://www.idealista.com/alquiler-viviendas/sevilla/los-remedios/parque-de-los-principes-calle-niebla/,200,los-remedios,parque-de-los-principes-calle-niebla,""13,36"""
"2024-07-17 03:10:02,https://web.archive.org/web/20240717031002/https://www.idealista.com/alquiler-viviendas/sevilla/los-remedios/parque-de-los-principes-calle-niebla/,200,los-remedios,parque-de-los-principes-calle-niebla,""13,62"""
"2024-08-26 19:12:28,https://web.archive.org/web/20240826191228/https://www.idealista.com/alquiler-viviendas/sevilla/los-remedios/parque-de-los-principes-calle-niebla/,200,los-remedios,parque-de-los-principes-calle-niebla,""12,50"""
"2024-09-19 10:38:25,https://web.archive.org/web/20240919103825/https://www.idealista.com/alquiler-viviendas/sevilla/los-remedios/parque-de-los-principes-calle-niebla/,200,los-remedios,parque-de-los-principes-calle-niebla,""12,02"""
"2024-12-20 21:56:46,https://web.archive.org/web/20241220215646/https://www.idealista.com/alquiler-viviendas/sevilla/los-remedios/parque-de-los-principes-calle-niebla/,200,los-remedios,parque-de-los-principes-calle-niebla,""12,81"""
"2024-04-06 21:45:50,https://web.archive.org/web/20240406214550/https://www.idealista.com/alquiler-viviendas/sevilla/pino-montano/pino-montano/,200,pino-montano,pino-montano,""8,10"""
"2024-05-11 11:49:36,https://web.archive.org/web/20240511114936/https://www.idealista.com/alquiler-viviendas/sevilla/pino-montano/pino-montano/,200,pino-montano,pino-montano,""7,81"""
"2024-07-26 08:20:10,https://web.archive.org/web/20240726082010/https://www.idealista.com/alquiler-viviendas/sevilla/pino-montano/pino-montano/,200,pino-montano,pino-montano,""8,73"""
"2024-07-26 08:32:56,https://web.archive.org/web/20240726083256/https://www.idealista.com/alquiler-viviendas/sevilla/pino-montano/pino-montano/,200,pino-montano,pino-montano,""8,73"""
"2024-09-09 17:53:21,https://web.archive.org/web/20240909175321/https://www.idealista.com/alquiler-viviendas/sevilla/pino-montano/pino-montano/,200,pino-montano,pino-montano,""8,97"""
"2024-09-17 12:10:29,https://web.archive.org/web/20240917121029/https://www.idealista.com/alquiler-viviendas/sevilla/pino-montano/pino-montano/,200,pino-montano,pino-montano,""8,80"""
"2024-11-18 21:27:43,https://web.archive.org/web/20241118212743/https://www.idealista.com/alquiler-viviendas/sevilla/pino-montano/pino-montano/,200,pino-montano,pino-montano,""9,18"""
"2025-01-23 16:13:53,https://web.archive.org/web/20250123161353/https://www.idealista.com/alquiler-viviendas/sevilla/pino-montano/pino-montano/,200,pino-montano,pino-montano,""9,08"""
"2024-05-15 08:36:22,https://web.archive.org/web/20240515083622/https://www.idealista.com/alquiler-viviendas/sevilla/san-pablo/san-pablo/,200,san-pablo,san-pablo,""11,22"""
"2024-08-24 11:05:36,https://web.archive.org/web/20240824110536/https://www.idealista.com/alquiler-viviendas/sevilla/san-pablo/san-pablo/,200,san-pablo,san-pablo,""11,52"""
"2024-09-17 15:13:46,https://web.archive.org/web/20240917151346/https://www.idealista.com/alquiler-viviendas/sevilla/san-pablo/san-pablo/,200,san-pablo,san-pablo,""12,89"""
"2025-01-24 13:01:54,https://web.archive.org/web/20250124130154/https://www.idealista.com/alquiler-viviendas/sevilla/san-pablo/san-pablo/,200,san-pablo,san-pablo,""11,93"""
"2024-02-24 23:13:03,https://web.archive.org/web/20240224231303/https://www.idealista.com/alquiler-viviendas/sevilla/la-palmera-los-bermejales/palmas-altas/,200,la-palmera-los-bermejales,palmas-altas,""8,11"""
"2024-04-09 01:44:57,https://web.archive.org/web/20240409014457/https://www.idealista.com/alquiler-viviendas/sevilla/la-palmera-los-bermejales/los-bermejales/,200,la-palmera-los-bermejales,los-bermejales,""11,01"""
"2024-07-17 00:34:28,https://web.archive.org/web/20240717003428/https://www.idealista.com/alquiler-viviendas/sevilla/la-palmera-los-bermejales/los-bermejales/,200,la-palmera-los-bermejales,los-bermejales,""11,94"""
"2024-04-09 11:53:31,https://web.archive.org/web/20240409115331/https://www.idealista.com/alquiler-viviendas/sevilla/macarena/doctor-fedriani/,200,macarena,doctor-fedriani,""11,23"""
"2024-05-11 14:50:30,https://web.archive.org/web/20240511145030/https://www.idealista.com/alquiler-viviendas/sevilla/macarena/doctor-fedriani/,200,macarena,doctor-fedriani,""11,32"""
"2024-07-17 05:11:27,https://web.archive.org/web/20240717051127/https://www.idealista.com/alquiler-viviendas/sevilla/macarena/doctor-fedriani/,200,macarena,doctor-fedriani,""11,29"""
"2024-08-22 09:24:35,https://web.archive.org/web/20240822092435/https://www.idealista.com/alquiler-viviendas/sevilla/macarena/doctor-fedriani/,200,macarena,doctor-fedriani,""11,45"""
"2024-09-17 11:05:07,https://web.archive.org/web/20240917110507/https://www.idealista.com/alquiler-viviendas/sevilla/macarena/doctor-fedriani/,200,macarena,doctor-fedriani,""11,66"""
"2024-11-22 21:53:25,https://web.archive.org/web/20241122215325/https://www.idealista.com/alquiler-viviendas/sevilla/macarena/doctor-fedriani/,200,macarena,doctor-fedriani,""12,97"""
"2025-01-24 10:54:14,https://web.archive.org/web/20250124105414/https://www.idealista.com/alquiler-viviendas/sevilla/macarena/doctor-fedriani/,200,macarena,doctor-fedriani,""11,96"""
"2022-07-31 00:39:47,https://web.archive.org/web/20220731003947/https://www.idealista.com/alquiler-viviendas/sevilla/macarena/villegas-los-principes/,200,macarena,villegas-los-principes,""9,74"""
"2024-05-11 11:56:05,https://web.archive.org/web/20240511115605/https://www.idealista.com/alquiler-viviendas/sevilla/macarena/villegas-los-principes/,200,macarena,villegas-los-principes,""10,33"""
"2024-08-28 08:05:55,https://web.archive.org/web/20240828080555/https://www.idealista.com/alquiler-viviendas/sevilla/macarena/villegas-los-principes/,200,macarena,villegas-los-principes,""10,28"""
"2024-09-17 10:36:44,https://web.archive.org/web/20240917103644/https://www.idealista.com/alquiler-viviendas/sevilla/macarena/villegas-los-principes/,200,macarena,villegas-los-principes,""10,20"""
"2024-12-24 11:37:31,https://web.archive.org/web/20241224113731/https://www.idealista.com/alquiler-viviendas/sevilla/macarena/villegas-los-principes/,200,macarena,villegas-los-principes,""11,54"""
"2024-03-19 18:25:53,https://web.archive.org/web/20240319182553/https://www.idealista.com/alquiler-viviendas/sevilla/nervion/nervion/,200,nervion,nervion,""14,18"""
"2024-05-11 12:29:56,https://web.archive.org/web/20240511122956/https://www.idealista.com/alquiler-viviendas/sevilla/nervion/nervion/,200,nervion,nervion,""13,83"""
"2024-07-16 19:05:09,https://web.archive.org/web/20240716190509/https://www.idealista.com/alquiler-viviendas/sevilla/nervion/nervion/,200,nervion,nervion,""13,73"""
"2024-08-27 13:24:28,https://web.archive.org/web/20240827132428/https://www.idealista.com/alquiler-viviendas/sevilla/nervion/nervion/,200,nervion,nervion,""13,06"""
"2024-09-17 15:26:10,https://web.archive.org/web/20240917152610/https://www.idealista.com/alquiler-viviendas/sevilla/nervion/nervion/,200,nervion,nervion,""13,67"""
"2024-11-23 01:58:28,https://web.archive.org/web/20241123015828/https://www.idealista.com/alquiler-viviendas/sevilla/nervion/nervion/,200,nervion,nervion,""13,09"""
"2024-05-11 11:46:10,https://web.archive.org/web/20240511114610/https://www.idealista.com/alquiler-viviendas/sevilla/nervion/buhaira-huerta-del-rey/,200,nervion,buhaira-huerta-del-rey,""14,12"""
"2024-07-16 23:15:43,https://web.archive.org/web/20240716231543/https://www.idealista.com/alquiler-viviendas/sevilla/nervion/buhaira-huerta-del-rey/,200,nervion,buhaira-huerta-del-rey,""14,51"""
"2024-08-25 18:44:02,https://web.archive.org/web/20240825184402/https://www.idealista.com/alquiler-viviendas/sevilla/nervion/buhaira-huerta-del-rey/,200,nervion,buhaira-huerta-del-rey,""13,24"""
"2024-09-19 22:58:10,https://web.archive.org/web/20240919225810/https://www.idealista.com/alquiler-viviendas/sevilla/nervion/buhaira-huerta-del-rey/,200,nervion,buhaira-huerta-del-rey,""17,29"""
"2024-11-18 18:45:23,https://web.archive.org/web/20241118184523/https://www.idealista.com/alquiler-viviendas/sevilla/nervion/buhaira-huerta-del-rey/,200,nervion,buhaira-huerta-del-rey,""15,94"""
"2024-12-19 20:45:53,https://web.archive.org/web/20241219204553/https://www.idealista.com/alquiler-viviendas/sevilla/nervion/buhaira-huerta-del-rey/,200,nervion,buhaira-huerta-del-rey,""14,73"""
"2024-04-09 13:04:13,https://web.archive.org/web/20240409130413/https://www.idealista.com/alquiler-viviendas/sevilla/nervion/luis-montoto-santa-justa/,200,nervion,luis-montoto-santa-justa,""12,67"""
"2024-05-11 12:04:08,https://web.archive.org/web/20240511120408/https://www.idealista.com/alquiler-viviendas/sevilla/nervion/luis-montoto-santa-justa/,200,nervion,luis-montoto-santa-justa,""12,55"""
"2024-07-17 02:56:52,https://web.archive.org/web/20240717025652/https://www.idealista.com/alquiler-viviendas/sevilla/nervion/luis-montoto-santa-justa/,200,nervion,luis-montoto-santa-justa,""13,28"""
"2024-08-22 20:23:54,https://web.archive.org/web/20240822202354/https://www.idealista.com/alquiler-viviendas/sevilla/nervion/luis-montoto-santa-justa/,200,nervion,luis-montoto-santa-justa,""13,11"""
"2024-09-17 13:32:38,https://web.archive.org/web/20240917133238/https://www.idealista.com/alquiler-viviendas/sevilla/nervion/luis-montoto-santa-justa/,200,nervion,luis-montoto-santa-justa,""13,35"""
"2024-05-11 15:11:48,https://web.archive.org/web/20240511151148/https://www.idealista.com/alquiler-viviendas/sevilla/nervion/el-juncal-el-plantinar/,200,nervion,el-juncal-el-plantinar,""12,49"""
"2024-07-17 02:12:09,https://web.archive.org/web/20240717021209/https://www.idealista.com/alquiler-viviendas/sevilla/nervion/el-juncal-el-plantinar/,200,nervion,el-juncal-el-plantinar,""12,26"""
"2024-08-26 14:29:52,https://web.archive.org/web/20240826142952/https://www.idealista.com/alquiler-viviendas/sevilla/nervion/el-juncal-el-plantinar/,200,nervion,el-juncal-el-plantinar,""13,19"""
"2024-09-17 14:21:34,https://web.archive.org/web/20240917142134/https://www.idealista.com/alquiler-viviendas/sevilla/nervion/el-juncal-el-plantinar/,200,nervion,el-juncal-el-plantinar,""12,64"""
"2024-11-18 05:13:52,https://web.archive.org/web/20241118051352/https://www.idealista.com/alquiler-viviendas/sevilla/nervion/el-juncal-el-plantinar/,200,nervion,el-juncal-el-plantinar,""14,66"""
"2025-01-23 18:16:28,https://web.archive.org/web/20250123181628/https://www.idealista.com/alquiler-viviendas/sevilla/nervion/el-juncal-el-plantinar/,200,nervion,el-juncal-el-plantinar,""13,32"""
"2024-05-16 11:46:20,https://web.archive.org/web/20240516114620/https://www.idealista.com/alquiler-viviendas/sevilla/nervion/la-florida/,200,nervion,la-florida,""15,14"""
"2024-07-17 01:36:38,https://web.archive.org/web/20240717013638/https://www.idealista.com/alquiler-viviendas/sevilla/nervion/la-florida/,200,nervion,la-florida,""15,14"""
"2024-09-10 01:30:34,https://web.archive.org/web/20240910013034/https://www.idealista.com/alquiler-viviendas/sevilla/nervion/la-florida/,200,nervion,la-florida,""13,43"""
"2024-09-20 18:38:01,https://web.archive.org/web/20240920183801/https://www.idealista.com/alquiler-viviendas/sevilla/nervion/la-florida/,200,nervion,la-florida,""14,46"""
"2024-11-23 07:24:09,https://web.archive.org/web/20241123072409/https://www.idealista.com/alquiler-viviendas/sevilla/nervion/la-florida/,200,nervion,la-florida,""14,10"""
"2024-12-15 19:06:06,https://web.archive.org/web/20241215190606/https://www.idealista.com/alquiler-viviendas/sevilla/nervion/la-florida/,200,nervion,la-florida,""15,12"""
"2024-05-11 14:30:55,https://web.archive.org/web/20240511143055/https://www.idealista.com/alquiler-viviendas/sevilla/nervion/gran-plaza-marques-de-pickman-ciudad-jardin/,200,nervion,gran-plaza-marques-de-pickman-ciudad-jardin,""13,80"""
"2024-07-17 02:51:58,https://web.archive.org/web/20240717025158/https://www.idealista.com/alquiler-viviendas/sevilla/nervion/gran-plaza-marques-de-pickman-ciudad-jardin/,200,nervion,gran-plaza-marques-de-pickman-ciudad-jardin,""13,39"""
"2024-08-25 11:12:24,https://web.archive.org/web/20240825111224/https://www.idealista.com/alquiler-viviendas/sevilla/nervion/gran-plaza-marques-de-pickman-ciudad-jardin/,200,nervion,gran-plaza-marques-de-pickman-ciudad-jardin,""13,38"""
"2024-09-17 14:20:07,https://web.archive.org/web/20240917142007/https://www.idealista.com/alquiler-viviendas/sevilla/nervion/gran-plaza-marques-de-pickman-ciudad-jardin/,200,nervion,gran-plaza-marques-de-pickman-ciudad-jardin,""13,41"""
"2024-12-24 12:58:29,https://web.archive.org/web/20241224125829/https://www.idealista.com/alquiler-viviendas/sevilla/nervion/gran-plaza-marques-de-pickman-ciudad-jardin/,200,nervion,gran-plaza-marques-de-pickman-ciudad-jardin,""14,21"""
"2024-04-08 05:32:47,https://web.archive.org/web/20240408053247/https://www.idealista.com/alquiler-viviendas/sevilla/nervion/san-bernardo-avenida-de-cadiz/,200,nervion,san-bernardo-avenida-de-cadiz,""15,44"""
"2024-07-17 01:00:27,https://web.archive.org/web/20240717010027/https://www.idealista.com/alquiler-viviendas/sevilla/nervion/san-bernardo-avenida-de-cadiz/,200,nervion,san-bernardo-avenida-de-cadiz,""13,98"""
"2024-08-23 12:13:09,https://web.archive.org/web/20240823121309/https://www.idealista.com/alquiler-viviendas/sevilla/nervion/san-bernardo-avenida-de-cadiz/,200,nervion,san-bernardo-avenida-de-cadiz,""13,66"""
"2024-09-17 17:22:41,https://web.archive.org/web/20240917172241/https://www.idealista.com/alquiler-viviendas/sevilla/nervion/san-bernardo-avenida-de-cadiz/,200,nervion,san-bernardo-avenida-de-cadiz,""13,95"""
"2024-12-16 21:37:18,https://web.archive.org/web/20241216213718/https://www.idealista.com/alquiler-viviendas/sevilla/nervion/san-bernardo-avenida-de-cadiz/,200,nervion,san-bernardo-avenida-de-cadiz,""13,81"""
"2024-07-26 03:47:56,https://web.archive.org/web/20240726034756/https://www.idealista.com/alquiler-viviendas/sevilla/centro/encarnacion-las-setas/,200,centro,encarnacion-las-setas,""14,79"""
"2024-08-22 09:24:32,https://web.archive.org/web/20240822092432/https://www.idealista.com/alquiler-viviendas/sevilla/centro/encarnacion-las-setas/,200,centro,encarnacion-las-setas,""13,95"""
"2024-09-17 19:25:42,https://web.archive.org/web/20240917192542/https://www.idealista.com/alquiler-viviendas/sevilla/centro/encarnacion-las-setas/,200,centro,encarnacion-las-setas,""13,56"""
"2024-12-18 05:32:43,https://web.archive.org/web/20241218053243/https://www.idealista.com/alquiler-viviendas/sevilla/centro/encarnacion-las-setas/,200,centro,encarnacion-las-setas,""15,02"""
"2024-11-25 18:00:22,https://web.archive.org/web/20241125180022/https://www.idealista.com/alquiler-viviendas/sevilla/nervion/luis-montoto-santa-justa/,200,nervion,luis-montoto-santa-justa,""12,94"""
"2024-12-20 10:24:42,https://web.archive.org/web/20241220102442/https://www.idealista.com/alquiler-viviendas/sevilla/nervion/luis-montoto-santa-justa/,200,nervion,luis-montoto-santa-justa,""13,82"""
"2025-01-24 21:30:57,https://web.archive.org/web/20250124213057/https://www.idealista.com/alquiler-viviendas/sevilla/nervion/luis-montoto-santa-justa/,200,nervion,luis-montoto-santa-justa,""13,00"""
"2025-01-26 15:48:30,https://web.archive.org/web/20250126154830/https://www.idealista.com/alquiler-viviendas/sevilla/centro/encarnacion-las-setas/,200,centro,encarnacion-las-setas,""15,03"""
"2025-01-26 18:13:17,https://web.archive.org/web/20250126181317/https://www.idealista.com/alquiler-viviendas/sevilla/triana/calle-betis-pages-del-corro/,200,triana,calle-betis-pages-del-corro,""15,96"""
"2025-01-26 11:56:47,https://web.archive.org/web/20250126115647/https://www.idealista.com/alquiler-viviendas/sevilla/los-remedios/plaza-de-cuba-republica-argentina/,200,los-remedios,plaza-de-cuba-republica-argentina,""14,04"""
"2025-01-26 15:38:35,https://web.archive.org/web/20250126153835/https://www.idealista.com/alquiler-viviendas/sevilla/nervion/buhaira-huerta-del-rey/,200,nervion,buhaira-huerta-del-rey,""13,94"""
"2024-10-07 17:01:04,https://web.archive.org/web/20241007170104/https://www.idealista.com/alquiler-viviendas/sevilla/torreblanca/torreblanca/,200,torreblanca,torreblanca,""13,54"""
"2024-12-03 01:00:16,https://web.archive.org/web/20241203010016/https://www.idealista.com/alquiler-viviendas/sevilla/torreblanca/torreblanca/,200,torreblanca,torreblanca,""12,99"""
"2024-12-17 14:50:08,https://web.archive.org/web/20241217145008/https://www.idealista.com/alquiler-viviendas/sevilla/torreblanca/torreblanca/,200,torreblanca,torreblanca,""15,77"""
"2024-04-08 17:58:20,https://web.archive.org/web/20240408175820/https://www.idealista.com/alquiler-viviendas/sevilla/prado-de-san-sebastian-felipe-ii-bueno-monreal/prado-de-san-sebastian-ramon-carande/,200,prado-de-san-sebastian-felipe-ii-bueno-monreal,prado-de-san-sebastian-ramon-carande,""12,81"""
"2024-08-22 16:43:31,https://web.archive.org/web/20240822164331/https://www.idealista.com/alquiler-viviendas/sevilla/prado-de-san-sebastian-felipe-ii-bueno-monreal/prado-de-san-sebastian-ramon-carande/,200,prado-de-san-sebastian-felipe-ii-bueno-monreal,prado-de-san-sebastian-ramon-carande,""13,45"""
"2024-09-18 12:25:16,https://web.archive.org/web/20240918122516/https://www.idealista.com/alquiler-viviendas/sevilla/prado-de-san-sebastian-felipe-ii-bueno-monreal/prado-de-san-sebastian-ramon-carande/,200,prado-de-san-sebastian-felipe-ii-bueno-monreal,prado-de-san-sebastian-ramon-carande,""12,18"""
"2025-01-27 09:49:30,https://web.archive.org/web/20250127094930/https://www.idealista.com/alquiler-viviendas/sevilla/prado-de-san-sebastian-felipe-ii-bueno-monreal/prado-de-san-sebastian-ramon-carande/,200,prado-de-san-sebastian-felipe-ii-bueno-monreal,prado-de-san-sebastian-ramon-carande,""13,12"""
"2024-05-14 23:47:20,https://web.archive.org/web/20240514234720/https://www.idealista.com/alquiler-viviendas/sevilla/cerro-amate/santa-aurelia/,200,cerro-amate,santa-aurelia,""9,15"""
"2024-07-17 01:58:59,https://web.archive.org/web/20240717015859/https://www.idealista.com/alquiler-viviendas/sevilla/cerro-amate/santa-aurelia/,200,cerro-amate,santa-aurelia,""8,99"""
"2024-08-27 10:13:41,https://web.archive.org/web/20240827101341/https://www.idealista.com/alquiler-viviendas/sevilla/cerro-amate/santa-aurelia/,200,cerro-amate,santa-aurelia,""8,83"""
"2024-04-07 02:29:35,https://web.archive.org/web/20240407022935/https://www.idealista.com/alquiler-viviendas/sevilla/prado-de-san-sebastian-felipe-ii-bueno-monreal/el-porvenir/,200,prado-de-san-sebastian-felipe-ii-bueno-monreal,el-porvenir,""11,43"""
"2024-05-15 00:05:14,https://web.archive.org/web/20240515000514/https://www.idealista.com/alquiler-viviendas/sevilla/prado-de-san-sebastian-felipe-ii-bueno-monreal/el-porvenir/,200,prado-de-san-sebastian-felipe-ii-bueno-monreal,el-porvenir,""12,63"""
"2024-07-16 20:42:21,https://web.archive.org/web/20240716204221/https://www.idealista.com/alquiler-viviendas/sevilla/prado-de-san-sebastian-felipe-ii-bueno-monreal/el-porvenir/,200,prado-de-san-sebastian-felipe-ii-bueno-monreal,el-porvenir,""14,49"""
